{"_step":593,"eval/rewards/accuracies":0.05416666716337204,"train/nll_loss":2.9156675338745117,"train/epoch":0.4006587559646974,"_wandb":{"runtime":4387},"train/rewards/accuracies":0,"eval/loss":3.022681713104248,"eval/runtime":30.4733,"train/log_odds_chosen":-1.4229320287704468,"train/rewards/margins":-0.12387175858020782,"train/logits/chosen":-1.067533016204834,"eval/samples_per_second":7.876,"eval/log_odds_ratio":-1.587402105331421,"eval/rewards/rejected":-0.17512103915214539,"eval/rewards/chosen":-0.2858412563800812,"train/rewards/chosen":-0.29902422428131104,"train/learning_rate":4.700221218773081e-06,"eval/logps/rejected":-1.751210331916809,"_timestamp":1.7610593673641322e+09,"eval/logits/chosen":-0.954388439655304,"train/global_step":593,"_runtime":4387,"train/log_odds_ratio":-1.6741770505905151,"train/loss":3.0831,"eval/log_odds_chosen":-1.281251072883606,"eval/logps/chosen":-2.858412265777588,"eval/steps_per_second":7.876,"eval/nll_loss":2.863941192626953,"train/logits/rejected":-1.7231966257095337,"eval/rewards/margins":-0.110720194876194,"train/rewards/rejected":-0.17515245079994202,"train/logps/rejected":-1.751524567604065,"train/logps/chosen":-2.9902422428131104,"train/grad_norm":0.39918553829193115,"eval/logits/rejected":-1.4348598718643188}